target,image_path,label,pos_prob
HAT-P-11,C:\Users\tosun\PycharmProjects\NasaProject\scripts\raw_images\HAT-P-11_TESS_phase.png,1,0.9833284616470337
HAT-P-11,C:\Users\tosun\PycharmProjects\NasaProject\scripts\raw_images\HAT-P-11_TESS_phase_binned.png,1,0.9999996423721313
HAT-P-26,C:\Users\tosun\PycharmProjects\NasaProject\scripts\raw_images\HAT-P-26_TESS_phase.png,1,0.8741908073425293
HAT-P-26,C:\Users\tosun\PycharmProjects\NasaProject\scripts\raw_images\HAT-P-26_TESS_phase_binned.png,1,0.9999990463256836
HAT-P-32,C:\Users\tosun\PycharmProjects\NasaProject\scripts\raw_images\HAT-P-32_TESS_phase.png,1,0.999251663684845
HAT-P-32,C:\Users\tosun\PycharmProjects\NasaProject\scripts\raw_images\HAT-P-32_TESS_phase_binned.png,1,0.9999979734420776
HAT-P-7,C:\Users\tosun\PycharmProjects\NasaProject\scripts\raw_images\HAT-P-7_Kepler_phase.png,1,0.8338120579719543
HAT-P-7,C:\Users\tosun\PycharmProjects\NasaProject\scripts\raw_images\HAT-P-7_Kepler_phase_binned.png,1,0.9993230104446411
K2-138,C:\Users\tosun\PycharmProjects\NasaProject\scripts\raw_images\K2-138_TESS_phase.png,1,0.9987217783927917
K2-138,C:\Users\tosun\PycharmProjects\NasaProject\scripts\raw_images\K2-138_TESS_phase_binned.png,1,0.9999876022338867
K2-18,C:\Users\tosun\PycharmProjects\NasaProject\scripts\raw_images\K2-18_TESS_phase.png,1,0.9998636245727539
K2-18,C:\Users\tosun\PycharmProjects\NasaProject\scripts\raw_images\K2-18_TESS_phase_binned.png,1,0.9999992847442627
K2-24,C:\Users\tosun\PycharmProjects\NasaProject\scripts\raw_images\K2-24_TESS_phase.png,1,0.9999024868011475
K2-24,C:\Users\tosun\PycharmProjects\NasaProject\scripts\raw_images\K2-24_TESS_phase_binned.png,1,0.9999972581863403
K2-3,C:\Users\tosun\PycharmProjects\NasaProject\scripts\raw_images\K2-36_TESS_phase.png,1,0.999625563621521
K2-36,C:\Users\tosun\PycharmProjects\NasaProject\scripts\raw_images\K2-36_TESS_phase.png,1,0.999625563621521
K2-3,C:\Users\tosun\PycharmProjects\NasaProject\scripts\raw_images\K2-36_TESS_phase_binned.png,1,0.999998927116394
K2-36,C:\Users\tosun\PycharmProjects\NasaProject\scripts\raw_images\K2-36_TESS_phase_binned.png,1,0.999998927116394
K2-3,C:\Users\tosun\PycharmProjects\NasaProject\scripts\raw_images\K2-3_TESS_phase.png,1,0.999845027923584
K2-3,C:\Users\tosun\PycharmProjects\NasaProject\scripts\raw_images\K2-3_TESS_phase_binned.png,1,0.9999997615814209
Kepler-10,C:\Users\tosun\PycharmProjects\NasaProject\scripts\raw_images\Kepler-100_Kepler_phase.png,1,0.9999868869781494
Kepler-100,C:\Users\tosun\PycharmProjects\NasaProject\scripts\raw_images\Kepler-100_Kepler_phase.png,1,0.9999868869781494
Kepler-10,C:\Users\tosun\PycharmProjects\NasaProject\scripts\raw_images\Kepler-100_Kepler_phase_binned.png,1,0.9998975992202759
Kepler-100,C:\Users\tosun\PycharmProjects\NasaProject\scripts\raw_images\Kepler-100_Kepler_phase_binned.png,1,0.9998975992202759
Kepler-10,C:\Users\tosun\PycharmProjects\NasaProject\scripts\raw_images\Kepler-101_Kepler_phase.png,1,0.9988393187522888
Kepler-101,C:\Users\tosun\PycharmProjects\NasaProject\scripts\raw_images\Kepler-101_Kepler_phase.png,1,0.9988393187522888
Kepler-10,C:\Users\tosun\PycharmProjects\NasaProject\scripts\raw_images\Kepler-101_Kepler_phase_binned.png,1,1.0
Kepler-101,C:\Users\tosun\PycharmProjects\NasaProject\scripts\raw_images\Kepler-101_Kepler_phase_binned.png,1,1.0
Kepler-10,C:\Users\tosun\PycharmProjects\NasaProject\scripts\raw_images\Kepler-102_Kepler_phase.png,1,0.9993332028388977
Kepler-102,C:\Users\tosun\PycharmProjects\NasaProject\scripts\raw_images\Kepler-102_Kepler_phase.png,1,0.9993332028388977
Kepler-10,C:\Users\tosun\PycharmProjects\NasaProject\scripts\raw_images\Kepler-102_Kepler_phase_binned.png,1,0.9999291896820068
Kepler-102,C:\Users\tosun\PycharmProjects\NasaProject\scripts\raw_images\Kepler-102_Kepler_phase_binned.png,1,0.9999291896820068
Kepler-10,C:\Users\tosun\PycharmProjects\NasaProject\scripts\raw_images\Kepler-103_Kepler_phase.png,1,0.9998979568481445
Kepler-103,C:\Users\tosun\PycharmProjects\NasaProject\scripts\raw_images\Kepler-103_Kepler_phase.png,1,0.9998979568481445
Kepler-10,C:\Users\tosun\PycharmProjects\NasaProject\scripts\raw_images\Kepler-103_Kepler_phase_binned.png,1,0.999985933303833
Kepler-103,C:\Users\tosun\PycharmProjects\NasaProject\scripts\raw_images\Kepler-103_Kepler_phase_binned.png,1,0.999985933303833
Kepler-10,C:\Users\tosun\PycharmProjects\NasaProject\scripts\raw_images\Kepler-104_Kepler_phase.png,1,0.9999992847442627
Kepler-104,C:\Users\tosun\PycharmProjects\NasaProject\scripts\raw_images\Kepler-104_Kepler_phase.png,1,0.9999992847442627
Kepler-10,C:\Users\tosun\PycharmProjects\NasaProject\scripts\raw_images\Kepler-104_Kepler_phase_binned.png,1,0.9999979734420776
Kepler-104,C:\Users\tosun\PycharmProjects\NasaProject\scripts\raw_images\Kepler-104_Kepler_phase_binned.png,1,0.9999979734420776
Kepler-10,C:\Users\tosun\PycharmProjects\NasaProject\scripts\raw_images\Kepler-105_Kepler_phase.png,1,0.999774158000946
Kepler-105,C:\Users\tosun\PycharmProjects\NasaProject\scripts\raw_images\Kepler-105_Kepler_phase.png,1,0.999774158000946
Kepler-10,C:\Users\tosun\PycharmProjects\NasaProject\scripts\raw_images\Kepler-105_Kepler_phase_binned.png,1,0.9999958276748657
Kepler-105,C:\Users\tosun\PycharmProjects\NasaProject\scripts\raw_images\Kepler-105_Kepler_phase_binned.png,1,0.9999958276748657
Kepler-10,C:\Users\tosun\PycharmProjects\NasaProject\scripts\raw_images\Kepler-106_Kepler_phase.png,1,0.9985958933830261
Kepler-106,C:\Users\tosun\PycharmProjects\NasaProject\scripts\raw_images\Kepler-106_Kepler_phase.png,1,0.9985958933830261
Kepler-10,C:\Users\tosun\PycharmProjects\NasaProject\scripts\raw_images\Kepler-106_Kepler_phase_binned.png,1,0.9999597072601318
Kepler-106,C:\Users\tosun\PycharmProjects\NasaProject\scripts\raw_images\Kepler-106_Kepler_phase_binned.png,1,0.9999597072601318
Kepler-10,C:\Users\tosun\PycharmProjects\NasaProject\scripts\raw_images\Kepler-107_Kepler_phase.png,1,0.9999943971633911
Kepler-107,C:\Users\tosun\PycharmProjects\NasaProject\scripts\raw_images\Kepler-107_Kepler_phase.png,1,0.9999943971633911
Kepler-10,C:\Users\tosun\PycharmProjects\NasaProject\scripts\raw_images\Kepler-107_Kepler_phase_binned.png,1,0.9999969005584717
Kepler-107,C:\Users\tosun\PycharmProjects\NasaProject\scripts\raw_images\Kepler-107_Kepler_phase_binned.png,1,0.9999969005584717
Kepler-10,C:\Users\tosun\PycharmProjects\NasaProject\scripts\raw_images\Kepler-108_Kepler_phase.png,1,0.9999864101409912
Kepler-108,C:\Users\tosun\PycharmProjects\NasaProject\scripts\raw_images\Kepler-108_Kepler_phase.png,1,0.9999864101409912
Kepler-10,C:\Users\tosun\PycharmProjects\NasaProject\scripts\raw_images\Kepler-108_Kepler_phase_binned.png,1,0.9999998807907104
Kepler-108,C:\Users\tosun\PycharmProjects\NasaProject\scripts\raw_images\Kepler-108_Kepler_phase_binned.png,1,0.9999998807907104
Kepler-10,C:\Users\tosun\PycharmProjects\NasaProject\scripts\raw_images\Kepler-109_Kepler_phase.png,1,0.9999916553497314
Kepler-109,C:\Users\tosun\PycharmProjects\NasaProject\scripts\raw_images\Kepler-109_Kepler_phase.png,1,0.9999916553497314
Kepler-10,C:\Users\tosun\PycharmProjects\NasaProject\scripts\raw_images\Kepler-109_Kepler_phase_binned.png,1,0.9999990463256836
Kepler-109,C:\Users\tosun\PycharmProjects\NasaProject\scripts\raw_images\Kepler-109_Kepler_phase_binned.png,1,0.9999990463256836
Kepler-10,C:\Users\tosun\PycharmProjects\NasaProject\scripts\raw_images\Kepler-10_Kepler_phase.png,1,0.3415220081806183
Kepler-10,C:\Users\tosun\PycharmProjects\NasaProject\scripts\raw_images\Kepler-10_Kepler_phase_binned.png,1,0.9997656941413879
Kepler-11,C:\Users\tosun\PycharmProjects\NasaProject\scripts\raw_images\Kepler-110_Kepler_phase.png,1,0.9999948740005493
Kepler-110,C:\Users\tosun\PycharmProjects\NasaProject\scripts\raw_images\Kepler-110_Kepler_phase.png,1,0.9999948740005493
Kepler-11,C:\Users\tosun\PycharmProjects\NasaProject\scripts\raw_images\Kepler-110_Kepler_phase_binned.png,1,0.9999964237213135
Kepler-110,C:\Users\tosun\PycharmProjects\NasaProject\scripts\raw_images\Kepler-110_Kepler_phase_binned.png,1,0.9999964237213135
Kepler-11,C:\Users\tosun\PycharmProjects\NasaProject\scripts\raw_images\Kepler-111_Kepler_phase.png,1,0.9989243149757385
Kepler-111,C:\Users\tosun\PycharmProjects\NasaProject\scripts\raw_images\Kepler-111_Kepler_phase.png,1,0.9989243149757385
Kepler-11,C:\Users\tosun\PycharmProjects\NasaProject\scripts\raw_images\Kepler-111_Kepler_phase_binned.png,1,0.9999641180038452
Kepler-111,C:\Users\tosun\PycharmProjects\NasaProject\scripts\raw_images\Kepler-111_Kepler_phase_binned.png,1,0.9999641180038452
Kepler-11,C:\Users\tosun\PycharmProjects\NasaProject\scripts\raw_images\Kepler-112_Kepler_phase.png,1,0.9999299049377441
Kepler-112,C:\Users\tosun\PycharmProjects\NasaProject\scripts\raw_images\Kepler-112_Kepler_phase.png,1,0.9999299049377441
Kepler-11,C:\Users\tosun\PycharmProjects\NasaProject\scripts\raw_images\Kepler-112_Kepler_phase_binned.png,1,0.9999996423721313
Kepler-112,C:\Users\tosun\PycharmProjects\NasaProject\scripts\raw_images\Kepler-112_Kepler_phase_binned.png,1,0.9999996423721313
Kepler-11,C:\Users\tosun\PycharmProjects\NasaProject\scripts\raw_images\Kepler-113_Kepler_phase.png,1,0.9939303398132324
Kepler-113,C:\Users\tosun\PycharmProjects\NasaProject\scripts\raw_images\Kepler-113_Kepler_phase.png,1,0.9939303398132324
Kepler-11,C:\Users\tosun\PycharmProjects\NasaProject\scripts\raw_images\Kepler-113_Kepler_phase_binned.png,1,0.9999992847442627
Kepler-113,C:\Users\tosun\PycharmProjects\NasaProject\scripts\raw_images\Kepler-113_Kepler_phase_binned.png,1,0.9999992847442627
Kepler-11,C:\Users\tosun\PycharmProjects\NasaProject\scripts\raw_images\Kepler-114_Kepler_phase.png,1,0.9999837875366211
Kepler-114,C:\Users\tosun\PycharmProjects\NasaProject\scripts\raw_images\Kepler-114_Kepler_phase.png,1,0.9999837875366211
Kepler-11,C:\Users\tosun\PycharmProjects\NasaProject\scripts\raw_images\Kepler-114_Kepler_phase_binned.png,1,0.999996542930603
Kepler-114,C:\Users\tosun\PycharmProjects\NasaProject\scripts\raw_images\Kepler-114_Kepler_phase_binned.png,1,0.999996542930603
Kepler-11,C:\Users\tosun\PycharmProjects\NasaProject\scripts\raw_images\Kepler-115_Kepler_phase.png,1,0.9999693632125854
Kepler-115,C:\Users\tosun\PycharmProjects\NasaProject\scripts\raw_images\Kepler-115_Kepler_phase.png,1,0.9999693632125854
Kepler-11,C:\Users\tosun\PycharmProjects\NasaProject\scripts\raw_images\Kepler-115_Kepler_phase_binned.png,1,0.9999735355377197
Kepler-115,C:\Users\tosun\PycharmProjects\NasaProject\scripts\raw_images\Kepler-115_Kepler_phase_binned.png,1,0.9999735355377197
Kepler-11,C:\Users\tosun\PycharmProjects\NasaProject\scripts\raw_images\Kepler-116_Kepler_phase.png,1,0.9995488524436951
Kepler-116,C:\Users\tosun\PycharmProjects\NasaProject\scripts\raw_images\Kepler-116_Kepler_phase.png,1,0.9995488524436951
Kepler-11,C:\Users\tosun\PycharmProjects\NasaProject\scripts\raw_images\Kepler-116_Kepler_phase_binned.png,1,0.9999998807907104
Kepler-116,C:\Users\tosun\PycharmProjects\NasaProject\scripts\raw_images\Kepler-116_Kepler_phase_binned.png,1,0.9999998807907104
Kepler-11,C:\Users\tosun\PycharmProjects\NasaProject\scripts\raw_images\Kepler-117_Kepler_phase.png,1,0.9969733953475952
Kepler-117,C:\Users\tosun\PycharmProjects\NasaProject\scripts\raw_images\Kepler-117_Kepler_phase.png,1,0.9969733953475952
Kepler-11,C:\Users\tosun\PycharmProjects\NasaProject\scripts\raw_images\Kepler-117_Kepler_phase_binned.png,1,0.9999423027038574
Kepler-117,C:\Users\tosun\PycharmProjects\NasaProject\scripts\raw_images\Kepler-117_Kepler_phase_binned.png,1,0.9999423027038574
Kepler-11,C:\Users\tosun\PycharmProjects\NasaProject\scripts\raw_images\Kepler-118_Kepler_phase.png,1,0.9999469518661499
Kepler-118,C:\Users\tosun\PycharmProjects\NasaProject\scripts\raw_images\Kepler-118_Kepler_phase.png,1,0.9999469518661499
Kepler-11,C:\Users\tosun\PycharmProjects\NasaProject\scripts\raw_images\Kepler-118_Kepler_phase_binned.png,1,0.9999946355819702
Kepler-118,C:\Users\tosun\PycharmProjects\NasaProject\scripts\raw_images\Kepler-118_Kepler_phase_binned.png,1,0.9999946355819702
Kepler-11,C:\Users\tosun\PycharmProjects\NasaProject\scripts\raw_images\Kepler-119_Kepler_phase.png,1,0.9852321147918701
Kepler-119,C:\Users\tosun\PycharmProjects\NasaProject\scripts\raw_images\Kepler-119_Kepler_phase.png,1,0.9852321147918701
Kepler-11,C:\Users\tosun\PycharmProjects\NasaProject\scripts\raw_images\Kepler-119_Kepler_phase_binned.png,1,0.9999996423721313
Kepler-119,C:\Users\tosun\PycharmProjects\NasaProject\scripts\raw_images\Kepler-119_Kepler_phase_binned.png,1,0.9999996423721313
Kepler-11,C:\Users\tosun\PycharmProjects\NasaProject\scripts\raw_images\Kepler-11_Kepler_phase.png,1,0.9999921321868896
Kepler-11,C:\Users\tosun\PycharmProjects\NasaProject\scripts\raw_images\Kepler-11_Kepler_phase_binned.png,1,0.9999998807907104
Kepler-12,C:\Users\tosun\PycharmProjects\NasaProject\scripts\raw_images\Kepler-120_Kepler_phase.png,1,0.9063564538955688
Kepler-120,C:\Users\tosun\PycharmProjects\NasaProject\scripts\raw_images\Kepler-120_Kepler_phase.png,1,0.9063564538955688
Kepler-12,C:\Users\tosun\PycharmProjects\NasaProject\scripts\raw_images\Kepler-120_Kepler_phase_binned.png,1,0.999997615814209
Kepler-120,C:\Users\tosun\PycharmProjects\NasaProject\scripts\raw_images\Kepler-120_Kepler_phase_binned.png,1,0.999997615814209
Kepler-12,C:\Users\tosun\PycharmProjects\NasaProject\scripts\raw_images\Kepler-121_Kepler_phase.png,1,0.882434606552124
Kepler-121,C:\Users\tosun\PycharmProjects\NasaProject\scripts\raw_images\Kepler-121_Kepler_phase.png,1,0.882434606552124
Kepler-12,C:\Users\tosun\PycharmProjects\NasaProject\scripts\raw_images\Kepler-121_Kepler_phase_binned.png,1,0.9999984502792358
Kepler-121,C:\Users\tosun\PycharmProjects\NasaProject\scripts\raw_images\Kepler-121_Kepler_phase_binned.png,1,0.9999984502792358
Kepler-12,C:\Users\tosun\PycharmProjects\NasaProject\scripts\raw_images\Kepler-122_Kepler_phase.png,1,0.9999256134033203
Kepler-122,C:\Users\tosun\PycharmProjects\NasaProject\scripts\raw_images\Kepler-122_Kepler_phase.png,1,0.9999256134033203
Kepler-12,C:\Users\tosun\PycharmProjects\NasaProject\scripts\raw_images\Kepler-122_Kepler_phase_binned.png,1,0.9999984502792358
Kepler-122,C:\Users\tosun\PycharmProjects\NasaProject\scripts\raw_images\Kepler-122_Kepler_phase_binned.png,1,0.9999984502792358
Kepler-12,C:\Users\tosun\PycharmProjects\NasaProject\scripts\raw_images\Kepler-123_Kepler_phase.png,1,0.9998698234558105
Kepler-123,C:\Users\tosun\PycharmProjects\NasaProject\scripts\raw_images\Kepler-123_Kepler_phase.png,1,0.9998698234558105
Kepler-12,C:\Users\tosun\PycharmProjects\NasaProject\scripts\raw_images\Kepler-123_Kepler_phase_binned.png,1,0.9999874830245972
Kepler-123,C:\Users\tosun\PycharmProjects\NasaProject\scripts\raw_images\Kepler-123_Kepler_phase_binned.png,1,0.9999874830245972
Kepler-12,C:\Users\tosun\PycharmProjects\NasaProject\scripts\raw_images\Kepler-124_Kepler_phase.png,1,0.9999971389770508
Kepler-124,C:\Users\tosun\PycharmProjects\NasaProject\scripts\raw_images\Kepler-124_Kepler_phase.png,1,0.9999971389770508
Kepler-12,C:\Users\tosun\PycharmProjects\NasaProject\scripts\raw_images\Kepler-124_Kepler_phase_binned.png,1,0.9999957084655762
Kepler-124,C:\Users\tosun\PycharmProjects\NasaProject\scripts\raw_images\Kepler-124_Kepler_phase_binned.png,1,0.9999957084655762
Kepler-12,C:\Users\tosun\PycharmProjects\NasaProject\scripts\raw_images\Kepler-125_Kepler_phase.png,1,0.9758672714233398
Kepler-125,C:\Users\tosun\PycharmProjects\NasaProject\scripts\raw_images\Kepler-125_Kepler_phase.png,1,0.9758672714233398
Kepler-12,C:\Users\tosun\PycharmProjects\NasaProject\scripts\raw_images\Kepler-125_Kepler_phase_binned.png,1,0.9999997615814209
Kepler-125,C:\Users\tosun\PycharmProjects\NasaProject\scripts\raw_images\Kepler-125_Kepler_phase_binned.png,1,0.9999997615814209
Kepler-12,C:\Users\tosun\PycharmProjects\NasaProject\scripts\raw_images\Kepler-126_Kepler_phase.png,1,0.8945031762123108
Kepler-126,C:\Users\tosun\PycharmProjects\NasaProject\scripts\raw_images\Kepler-126_Kepler_phase.png,1,0.8945031762123108
Kepler-12,C:\Users\tosun\PycharmProjects\NasaProject\scripts\raw_images\Kepler-126_Kepler_phase_binned.png,1,0.9999655485153198
Kepler-126,C:\Users\tosun\PycharmProjects\NasaProject\scripts\raw_images\Kepler-126_Kepler_phase_binned.png,1,0.9999655485153198
Kepler-12,C:\Users\tosun\PycharmProjects\NasaProject\scripts\raw_images\Kepler-12_Kepler_phase.png,1,0.9966493248939514
Kepler-12,C:\Users\tosun\PycharmProjects\NasaProject\scripts\raw_images\Kepler-12_Kepler_phase_binned.png,1,0.9999637603759766
Kepler-13,C:\Users\tosun\PycharmProjects\NasaProject\scripts\raw_images\Kepler-13_Kepler_phase.png,1,0.9667471647262573
Kepler-13,C:\Users\tosun\PycharmProjects\NasaProject\scripts\raw_images\Kepler-13_Kepler_phase_binned.png,1,0.9991849064826965
Kepler-14,C:\Users\tosun\PycharmProjects\NasaProject\scripts\raw_images\Kepler-14_Kepler_phase.png,1,0.9993253946304321
Kepler-14,C:\Users\tosun\PycharmProjects\NasaProject\scripts\raw_images\Kepler-14_Kepler_phase_binned.png,1,0.9999986886978149
Kepler-15,C:\Users\tosun\PycharmProjects\NasaProject\scripts\raw_images\Kepler-15_Kepler_phase.png,1,0.9994069337844849
Kepler-15,C:\Users\tosun\PycharmProjects\NasaProject\scripts\raw_images\Kepler-15_Kepler_phase_binned.png,1,0.9999979734420776
Kepler-1658,C:\Users\tosun\PycharmProjects\NasaProject\scripts\raw_images\Kepler-1658_Kepler_phase.png,1,0.999889612197876
Kepler-16,C:\Users\tosun\PycharmProjects\NasaProject\scripts\raw_images\Kepler-1658_Kepler_phase.png,1,0.999889612197876
Kepler-1658,C:\Users\tosun\PycharmProjects\NasaProject\scripts\raw_images\Kepler-1658_Kepler_phase_binned.png,1,0.9999991655349731
Kepler-16,C:\Users\tosun\PycharmProjects\NasaProject\scripts\raw_images\Kepler-1658_Kepler_phase_binned.png,1,0.9999991655349731
Kepler-16,C:\Users\tosun\PycharmProjects\NasaProject\scripts\raw_images\Kepler-16_Kepler_phase.png,1,0.998730480670929
Kepler-16,C:\Users\tosun\PycharmProjects\NasaProject\scripts\raw_images\Kepler-16_Kepler_phase_binned.png,1,0.9999604225158691
Kepler-17,C:\Users\tosun\PycharmProjects\NasaProject\scripts\raw_images\Kepler-17_Kepler_phase.png,1,0.5687135457992554
Kepler-17,C:\Users\tosun\PycharmProjects\NasaProject\scripts\raw_images\Kepler-17_Kepler_phase_binned.png,1,0.9998835325241089
Kepler-18,C:\Users\tosun\PycharmProjects\NasaProject\scripts\raw_images\Kepler-186_Kepler_phase.png,1,0.9888598918914795
Kepler-186,C:\Users\tosun\PycharmProjects\NasaProject\scripts\raw_images\Kepler-186_Kepler_phase.png,1,0.9888598918914795
Kepler-18,C:\Users\tosun\PycharmProjects\NasaProject\scripts\raw_images\Kepler-186_Kepler_phase_binned.png,1,0.9999984502792358
Kepler-186,C:\Users\tosun\PycharmProjects\NasaProject\scripts\raw_images\Kepler-186_Kepler_phase_binned.png,1,0.9999984502792358
Kepler-18,C:\Users\tosun\PycharmProjects\NasaProject\scripts\raw_images\Kepler-18_Kepler_phase.png,1,0.9999886751174927
Kepler-18,C:\Users\tosun\PycharmProjects\NasaProject\scripts\raw_images\Kepler-18_Kepler_phase_binned.png,1,0.9999992847442627
Kepler-19,C:\Users\tosun\PycharmProjects\NasaProject\scripts\raw_images\Kepler-19_Kepler_phase.png,1,0.9999990463256836
Kepler-19,C:\Users\tosun\PycharmProjects\NasaProject\scripts\raw_images\Kepler-19_Kepler_phase_binned.png,1,0.9999985694885254
Kepler-20,C:\Users\tosun\PycharmProjects\NasaProject\scripts\raw_images\Kepler-20_Kepler_phase.png,1,0.9999788999557495
Kepler-20,C:\Users\tosun\PycharmProjects\NasaProject\scripts\raw_images\Kepler-20_Kepler_phase_binned.png,1,0.9999997615814209
Kepler-21,C:\Users\tosun\PycharmProjects\NasaProject\scripts\raw_images\Kepler-21_Kepler_phase.png,1,0.9974479675292969
Kepler-21,C:\Users\tosun\PycharmProjects\NasaProject\scripts\raw_images\Kepler-21_Kepler_phase_binned.png,1,0.9999784231185913
Kepler-22,C:\Users\tosun\PycharmProjects\NasaProject\scripts\raw_images\Kepler-22_Kepler_phase.png,1,0.9996541738510132
Kepler-22,C:\Users\tosun\PycharmProjects\NasaProject\scripts\raw_images\Kepler-22_Kepler_phase_binned.png,1,0.9999963045120239
Kepler-23,C:\Users\tosun\PycharmProjects\NasaProject\scripts\raw_images\Kepler-23_Kepler_phase.png,1,0.9999992847442627
Kepler-23,C:\Users\tosun\PycharmProjects\NasaProject\scripts\raw_images\Kepler-23_Kepler_phase_binned.png,1,0.9999879598617554
Kepler-24,C:\Users\tosun\PycharmProjects\NasaProject\scripts\raw_images\Kepler-24_Kepler_phase.png,1,0.9999833106994629
Kepler-24,C:\Users\tosun\PycharmProjects\NasaProject\scripts\raw_images\Kepler-24_Kepler_phase_binned.png,1,0.9999992847442627
Kepler-25,C:\Users\tosun\PycharmProjects\NasaProject\scripts\raw_images\Kepler-25_Kepler_phase.png,1,0.9999969005584717
Kepler-25,C:\Users\tosun\PycharmProjects\NasaProject\scripts\raw_images\Kepler-25_Kepler_phase_binned.png,1,1.0
Kepler-26,C:\Users\tosun\PycharmProjects\NasaProject\scripts\raw_images\Kepler-26_Kepler_phase.png,1,0.9993860721588135
Kepler-26,C:\Users\tosun\PycharmProjects\NasaProject\scripts\raw_images\Kepler-26_Kepler_phase_binned.png,1,0.99998939037323
Kepler-27,C:\Users\tosun\PycharmProjects\NasaProject\scripts\raw_images\Kepler-27_Kepler_phase.png,1,0.9999855756759644
Kepler-27,C:\Users\tosun\PycharmProjects\NasaProject\scripts\raw_images\Kepler-27_Kepler_phase_binned.png,1,0.9999998807907104
Kepler-283,C:\Users\tosun\PycharmProjects\NasaProject\scripts\raw_images\Kepler-283_Kepler_phase.png,1,0.9995046854019165
Kepler-28,C:\Users\tosun\PycharmProjects\NasaProject\scripts\raw_images\Kepler-283_Kepler_phase.png,1,0.9995046854019165
Kepler-283,C:\Users\tosun\PycharmProjects\NasaProject\scripts\raw_images\Kepler-283_Kepler_phase_binned.png,1,0.9999998807907104
Kepler-28,C:\Users\tosun\PycharmProjects\NasaProject\scripts\raw_images\Kepler-283_Kepler_phase_binned.png,1,0.9999998807907104
Kepler-289,C:\Users\tosun\PycharmProjects\NasaProject\scripts\raw_images\Kepler-289_Kepler_phase.png,1,0.9974049925804138
Kepler-28,C:\Users\tosun\PycharmProjects\NasaProject\scripts\raw_images\Kepler-289_Kepler_phase.png,1,0.9974049925804138
Kepler-289,C:\Users\tosun\PycharmProjects\NasaProject\scripts\raw_images\Kepler-289_Kepler_phase_binned.png,1,0.9999921321868896
Kepler-28,C:\Users\tosun\PycharmProjects\NasaProject\scripts\raw_images\Kepler-289_Kepler_phase_binned.png,1,0.9999921321868896
Kepler-28,C:\Users\tosun\PycharmProjects\NasaProject\scripts\raw_images\Kepler-28_Kepler_phase.png,1,0.9999946355819702
Kepler-28,C:\Users\tosun\PycharmProjects\NasaProject\scripts\raw_images\Kepler-28_Kepler_phase_binned.png,1,0.9999998807907104
Kepler-296,C:\Users\tosun\PycharmProjects\NasaProject\scripts\raw_images\Kepler-296_Kepler_phase.png,1,0.9961510896682739
Kepler-29,C:\Users\tosun\PycharmProjects\NasaProject\scripts\raw_images\Kepler-296_Kepler_phase.png,1,0.9961510896682739
Kepler-296,C:\Users\tosun\PycharmProjects\NasaProject\scripts\raw_images\Kepler-296_Kepler_phase_binned.png,1,0.9999997615814209
Kepler-29,C:\Users\tosun\PycharmProjects\NasaProject\scripts\raw_images\Kepler-296_Kepler_phase_binned.png,1,0.9999997615814209
Kepler-29,C:\Users\tosun\PycharmProjects\NasaProject\scripts\raw_images\Kepler-29_Kepler_phase.png,1,0.967310905456543
Kepler-29,C:\Users\tosun\PycharmProjects\NasaProject\scripts\raw_images\Kepler-29_Kepler_phase_binned.png,1,0.9999972581863403
Kepler-30,C:\Users\tosun\PycharmProjects\NasaProject\scripts\raw_images\Kepler-30_Kepler_phase.png,1,0.9999841451644897
Kepler-30,C:\Users\tosun\PycharmProjects\NasaProject\scripts\raw_images\Kepler-30_Kepler_phase_binned.png,1,0.9999994039535522
Kepler-31,C:\Users\tosun\PycharmProjects\NasaProject\scripts\raw_images\Kepler-31_Kepler_phase.png,1,0.9999910593032837
Kepler-31,C:\Users\tosun\PycharmProjects\NasaProject\scripts\raw_images\Kepler-31_Kepler_phase_binned.png,1,0.9999947547912598
Kepler-32,C:\Users\tosun\PycharmProjects\NasaProject\scripts\raw_images\Kepler-32_Kepler_phase.png,1,0.8994735479354858
Kepler-32,C:\Users\tosun\PycharmProjects\NasaProject\scripts\raw_images\Kepler-32_Kepler_phase_binned.png,1,0.9999980926513672
Kepler-338,C:\Users\tosun\PycharmProjects\NasaProject\scripts\raw_images\Kepler-338_Kepler_phase.png,1,0.9998968839645386
Kepler-33,C:\Users\tosun\PycharmProjects\NasaProject\scripts\raw_images\Kepler-338_Kepler_phase.png,1,0.9998968839645386
Kepler-338,C:\Users\tosun\PycharmProjects\NasaProject\scripts\raw_images\Kepler-338_Kepler_phase_binned.png,1,0.9999698400497437
Kepler-33,C:\Users\tosun\PycharmProjects\NasaProject\scripts\raw_images\Kepler-338_Kepler_phase_binned.png,1,0.9999698400497437
Kepler-33,C:\Users\tosun\PycharmProjects\NasaProject\scripts\raw_images\Kepler-33_Kepler_phase.png,1,0.9999978542327881
Kepler-33,C:\Users\tosun\PycharmProjects\NasaProject\scripts\raw_images\Kepler-33_Kepler_phase_binned.png,1,0.9999994039535522
Kepler-34,C:\Users\tosun\PycharmProjects\NasaProject\scripts\raw_images\Kepler-34_Kepler_phase.png,1,0.9999909400939941
Kepler-34,C:\Users\tosun\PycharmProjects\NasaProject\scripts\raw_images\Kepler-34_Kepler_phase_binned.png,1,0.999991774559021
Kepler-35,C:\Users\tosun\PycharmProjects\NasaProject\scripts\raw_images\Kepler-35_Kepler_phase.png,1,0.9991098046302795
Kepler-35,C:\Users\tosun\PycharmProjects\NasaProject\scripts\raw_images\Kepler-35_Kepler_phase_binned.png,1,0.9999508857727051
Kepler-36,C:\Users\tosun\PycharmProjects\NasaProject\scripts\raw_images\Kepler-36_Kepler_phase.png,1,0.9999773502349854
Kepler-36,C:\Users\tosun\PycharmProjects\NasaProject\scripts\raw_images\Kepler-36_Kepler_phase_binned.png,1,0.9999842643737793
Kepler-37,C:\Users\tosun\PycharmProjects\NasaProject\scripts\raw_images\Kepler-37_Kepler_phase.png,1,0.9999452829360962
Kepler-37,C:\Users\tosun\PycharmProjects\NasaProject\scripts\raw_images\Kepler-37_Kepler_phase_binned.png,1,0.9999942779541016
Kepler-38,C:\Users\tosun\PycharmProjects\NasaProject\scripts\raw_images\Kepler-38_Kepler_phase.png,1,0.9999666213989258
Kepler-38,C:\Users\tosun\PycharmProjects\NasaProject\scripts\raw_images\Kepler-38_Kepler_phase_binned.png,1,0.9999961853027344
Kepler-396,C:\Users\tosun\PycharmProjects\NasaProject\scripts\raw_images\Kepler-396_Kepler_phase.png,1,0.9999790191650391
Kepler-39,C:\Users\tosun\PycharmProjects\NasaProject\scripts\raw_images\Kepler-396_Kepler_phase.png,1,0.9999790191650391
Kepler-396,C:\Users\tosun\PycharmProjects\NasaProject\scripts\raw_images\Kepler-396_Kepler_phase_binned.png,1,0.9999967813491821
Kepler-39,C:\Users\tosun\PycharmProjects\NasaProject\scripts\raw_images\Kepler-396_Kepler_phase_binned.png,1,0.9999967813491821
Kepler-39,C:\Users\tosun\PycharmProjects\NasaProject\scripts\raw_images\Kepler-39_Kepler_phase.png,1,0.9999858140945435
Kepler-39,C:\Users\tosun\PycharmProjects\NasaProject\scripts\raw_images\Kepler-39_Kepler_phase_binned.png,1,0.9999997615814209
Kepler-4,C:\Users\tosun\PycharmProjects\NasaProject\scripts\raw_images\Kepler-408_Kepler_phase.png,1,0.9999082088470459
Kepler-408,C:\Users\tosun\PycharmProjects\NasaProject\scripts\raw_images\Kepler-408_Kepler_phase.png,1,0.9999082088470459
Kepler-40,C:\Users\tosun\PycharmProjects\NasaProject\scripts\raw_images\Kepler-408_Kepler_phase.png,1,0.9999082088470459
Kepler-4,C:\Users\tosun\PycharmProjects\NasaProject\scripts\raw_images\Kepler-408_Kepler_phase_binned.png,1,0.9999786615371704
Kepler-408,C:\Users\tosun\PycharmProjects\NasaProject\scripts\raw_images\Kepler-408_Kepler_phase_binned.png,1,0.9999786615371704
Kepler-40,C:\Users\tosun\PycharmProjects\NasaProject\scripts\raw_images\Kepler-408_Kepler_phase_binned.png,1,0.9999786615371704
Kepler-409,C:\Users\tosun\PycharmProjects\NasaProject\scripts\raw_images\Kepler-409_Kepler_phase.png,1,0.5168907642364502
Kepler-4,C:\Users\tosun\PycharmProjects\NasaProject\scripts\raw_images\Kepler-409_Kepler_phase.png,1,0.5168907642364502
Kepler-40,C:\Users\tosun\PycharmProjects\NasaProject\scripts\raw_images\Kepler-409_Kepler_phase.png,1,0.5168907642364502
Kepler-409,C:\Users\tosun\PycharmProjects\NasaProject\scripts\raw_images\Kepler-409_Kepler_phase_binned.png,1,0.9982143640518188
Kepler-4,C:\Users\tosun\PycharmProjects\NasaProject\scripts\raw_images\Kepler-409_Kepler_phase_binned.png,1,0.9982143640518188
Kepler-40,C:\Users\tosun\PycharmProjects\NasaProject\scripts\raw_images\Kepler-409_Kepler_phase_binned.png,1,0.9982143640518188
Kepler-4,C:\Users\tosun\PycharmProjects\NasaProject\scripts\raw_images\Kepler-40_Kepler_phase.png,1,0.9982896447181702
Kepler-40,C:\Users\tosun\PycharmProjects\NasaProject\scripts\raw_images\Kepler-40_Kepler_phase.png,1,0.9982896447181702
Kepler-4,C:\Users\tosun\PycharmProjects\NasaProject\scripts\raw_images\Kepler-40_Kepler_phase_binned.png,1,0.9999864101409912
Kepler-40,C:\Users\tosun\PycharmProjects\NasaProject\scripts\raw_images\Kepler-40_Kepler_phase_binned.png,1,0.9999864101409912
Kepler-4,C:\Users\tosun\PycharmProjects\NasaProject\scripts\raw_images\Kepler-41_Kepler_phase.png,1,0.9990436434745789
Kepler-41,C:\Users\tosun\PycharmProjects\NasaProject\scripts\raw_images\Kepler-41_Kepler_phase.png,1,0.9990436434745789
Kepler-4,C:\Users\tosun\PycharmProjects\NasaProject\scripts\raw_images\Kepler-41_Kepler_phase_binned.png,1,0.9999996423721313
Kepler-41,C:\Users\tosun\PycharmProjects\NasaProject\scripts\raw_images\Kepler-41_Kepler_phase_binned.png,1,0.9999996423721313
Kepler-4,C:\Users\tosun\PycharmProjects\NasaProject\scripts\raw_images\Kepler-42_Kepler_phase.png,1,0.9674051403999329
Kepler-42,C:\Users\tosun\PycharmProjects\NasaProject\scripts\raw_images\Kepler-42_Kepler_phase.png,1,0.9674051403999329
Kepler-4,C:\Users\tosun\PycharmProjects\NasaProject\scripts\raw_images\Kepler-42_Kepler_phase_binned.png,1,0.9999872446060181
Kepler-42,C:\Users\tosun\PycharmProjects\NasaProject\scripts\raw_images\Kepler-42_Kepler_phase_binned.png,1,0.9999872446060181
Kepler-4,C:\Users\tosun\PycharmProjects\NasaProject\scripts\raw_images\Kepler-43_Kepler_phase.png,1,0.9966655373573303
Kepler-43,C:\Users\tosun\PycharmProjects\NasaProject\scripts\raw_images\Kepler-43_Kepler_phase.png,1,0.9966655373573303
Kepler-4,C:\Users\tosun\PycharmProjects\NasaProject\scripts\raw_images\Kepler-43_Kepler_phase_binned.png,1,0.9999961853027344
Kepler-43,C:\Users\tosun\PycharmProjects\NasaProject\scripts\raw_images\Kepler-43_Kepler_phase_binned.png,1,0.9999961853027344
Kepler-442,C:\Users\tosun\PycharmProjects\NasaProject\scripts\raw_images\Kepler-442_Kepler_phase.png,1,0.999805748462677
Kepler-4,C:\Users\tosun\PycharmProjects\NasaProject\scripts\raw_images\Kepler-442_Kepler_phase.png,1,0.999805748462677
Kepler-442,C:\Users\tosun\PycharmProjects\NasaProject\scripts\raw_images\Kepler-442_Kepler_phase_binned.png,1,0.9999996423721313
Kepler-4,C:\Users\tosun\PycharmProjects\NasaProject\scripts\raw_images\Kepler-442_Kepler_phase_binned.png,1,0.9999996423721313
Kepler-444,C:\Users\tosun\PycharmProjects\NasaProject\scripts\raw_images\Kepler-444_Kepler_phase.png,1,0.9981136322021484
Kepler-4,C:\Users\tosun\PycharmProjects\NasaProject\scripts\raw_images\Kepler-444_Kepler_phase.png,1,0.9981136322021484
Kepler-444,C:\Users\tosun\PycharmProjects\NasaProject\scripts\raw_images\Kepler-444_Kepler_phase_binned.png,1,0.9999548196792603
Kepler-4,C:\Users\tosun\PycharmProjects\NasaProject\scripts\raw_images\Kepler-444_Kepler_phase_binned.png,1,0.9999548196792603
Kepler-452,C:\Users\tosun\PycharmProjects\NasaProject\scripts\raw_images\Kepler-452_Kepler_phase.png,1,0.9998366832733154
Kepler-4,C:\Users\tosun\PycharmProjects\NasaProject\scripts\raw_images\Kepler-452_Kepler_phase.png,1,0.9998366832733154
Kepler-45,C:\Users\tosun\PycharmProjects\NasaProject\scripts\raw_images\Kepler-452_Kepler_phase.png,1,0.9998366832733154
Kepler-452,C:\Users\tosun\PycharmProjects\NasaProject\scripts\raw_images\Kepler-452_Kepler_phase_binned.png,1,0.9999978542327881
Kepler-4,C:\Users\tosun\PycharmProjects\NasaProject\scripts\raw_images\Kepler-452_Kepler_phase_binned.png,1,0.9999978542327881
Kepler-45,C:\Users\tosun\PycharmProjects\NasaProject\scripts\raw_images\Kepler-452_Kepler_phase_binned.png,1,0.9999978542327881
Kepler-4,C:\Users\tosun\PycharmProjects\NasaProject\scripts\raw_images\Kepler-45_Kepler_phase.png,1,0.7404835820198059
Kepler-45,C:\Users\tosun\PycharmProjects\NasaProject\scripts\raw_images\Kepler-45_Kepler_phase.png,1,0.7404835820198059
Kepler-4,C:\Users\tosun\PycharmProjects\NasaProject\scripts\raw_images\Kepler-45_Kepler_phase_binned.png,1,0.9999465942382812
Kepler-45,C:\Users\tosun\PycharmProjects\NasaProject\scripts\raw_images\Kepler-45_Kepler_phase_binned.png,1,0.9999465942382812
Kepler-4,C:\Users\tosun\PycharmProjects\NasaProject\scripts\raw_images\Kepler-47_Kepler_phase.png,1,0.9998739957809448
Kepler-47,C:\Users\tosun\PycharmProjects\NasaProject\scripts\raw_images\Kepler-47_Kepler_phase.png,1,0.9998739957809448
Kepler-4,C:\Users\tosun\PycharmProjects\NasaProject\scripts\raw_images\Kepler-47_Kepler_phase_binned.png,1,0.9999997615814209
Kepler-47,C:\Users\tosun\PycharmProjects\NasaProject\scripts\raw_images\Kepler-47_Kepler_phase_binned.png,1,0.9999997615814209
Kepler-4,C:\Users\tosun\PycharmProjects\NasaProject\scripts\raw_images\Kepler-48_Kepler_phase.png,1,0.9999915361404419
Kepler-48,C:\Users\tosun\PycharmProjects\NasaProject\scripts\raw_images\Kepler-48_Kepler_phase.png,1,0.9999915361404419
Kepler-4,C:\Users\tosun\PycharmProjects\NasaProject\scripts\raw_images\Kepler-48_Kepler_phase_binned.png,1,0.9999979734420776
Kepler-48,C:\Users\tosun\PycharmProjects\NasaProject\scripts\raw_images\Kepler-48_Kepler_phase_binned.png,1,0.9999979734420776
Kepler-4,C:\Users\tosun\PycharmProjects\NasaProject\scripts\raw_images\Kepler-49_Kepler_phase.png,1,0.9999949932098389
Kepler-49,C:\Users\tosun\PycharmProjects\NasaProject\scripts\raw_images\Kepler-49_Kepler_phase.png,1,0.9999949932098389
Kepler-4,C:\Users\tosun\PycharmProjects\NasaProject\scripts\raw_images\Kepler-49_Kepler_phase_binned.png,1,0.9999997615814209
Kepler-49,C:\Users\tosun\PycharmProjects\NasaProject\scripts\raw_images\Kepler-49_Kepler_phase_binned.png,1,0.9999997615814209
Kepler-4,C:\Users\tosun\PycharmProjects\NasaProject\scripts\raw_images\Kepler-4_Kepler_phase.png,1,0.9998382329940796
Kepler-4,C:\Users\tosun\PycharmProjects\NasaProject\scripts\raw_images\Kepler-4_Kepler_phase_binned.png,1,1.0
Kepler-51,C:\Users\tosun\PycharmProjects\NasaProject\scripts\raw_images\Kepler-51_Kepler_phase.png,1,0.9999977350234985
Kepler-5,C:\Users\tosun\PycharmProjects\NasaProject\scripts\raw_images\Kepler-51_Kepler_phase.png,1,0.9999977350234985
Kepler-51,C:\Users\tosun\PycharmProjects\NasaProject\scripts\raw_images\Kepler-51_Kepler_phase_binned.png,1,0.9999998807907104
Kepler-5,C:\Users\tosun\PycharmProjects\NasaProject\scripts\raw_images\Kepler-51_Kepler_phase_binned.png,1,0.9999998807907104
Kepler-5,C:\Users\tosun\PycharmProjects\NasaProject\scripts\raw_images\Kepler-52_Kepler_phase.png,1,0.9999880790710449
Kepler-52,C:\Users\tosun\PycharmProjects\NasaProject\scripts\raw_images\Kepler-52_Kepler_phase.png,1,0.9999880790710449
Kepler-5,C:\Users\tosun\PycharmProjects\NasaProject\scripts\raw_images\Kepler-52_Kepler_phase_binned.png,1,0.9999994039535522
Kepler-52,C:\Users\tosun\PycharmProjects\NasaProject\scripts\raw_images\Kepler-52_Kepler_phase_binned.png,1,0.9999994039535522
Kepler-5,C:\Users\tosun\PycharmProjects\NasaProject\scripts\raw_images\Kepler-54_Kepler_phase.png,1,0.9996190071105957
Kepler-54,C:\Users\tosun\PycharmProjects\NasaProject\scripts\raw_images\Kepler-54_Kepler_phase.png,1,0.9996190071105957
Kepler-5,C:\Users\tosun\PycharmProjects\NasaProject\scripts\raw_images\Kepler-54_Kepler_phase_binned.png,1,0.9999679327011108
Kepler-54,C:\Users\tosun\PycharmProjects\NasaProject\scripts\raw_images\Kepler-54_Kepler_phase_binned.png,1,0.9999679327011108
Kepler-5,C:\Users\tosun\PycharmProjects\NasaProject\scripts\raw_images\Kepler-55_Kepler_phase.png,1,0.9980857372283936
Kepler-55,C:\Users\tosun\PycharmProjects\NasaProject\scripts\raw_images\Kepler-55_Kepler_phase.png,1,0.9980857372283936
Kepler-5,C:\Users\tosun\PycharmProjects\NasaProject\scripts\raw_images\Kepler-55_Kepler_phase_binned.png,1,0.9999319314956665
Kepler-55,C:\Users\tosun\PycharmProjects\NasaProject\scripts\raw_images\Kepler-55_Kepler_phase_binned.png,1,0.9999319314956665
Kepler-5,C:\Users\tosun\PycharmProjects\NasaProject\scripts\raw_images\Kepler-56_Kepler_phase.png,1,0.9923228025436401
Kepler-56,C:\Users\tosun\PycharmProjects\NasaProject\scripts\raw_images\Kepler-56_Kepler_phase.png,1,0.9923228025436401
Kepler-5,C:\Users\tosun\PycharmProjects\NasaProject\scripts\raw_images\Kepler-56_Kepler_phase_binned.png,1,0.9998397827148438
Kepler-56,C:\Users\tosun\PycharmProjects\NasaProject\scripts\raw_images\Kepler-56_Kepler_phase_binned.png,1,0.9998397827148438
Kepler-5,C:\Users\tosun\PycharmProjects\NasaProject\scripts\raw_images\Kepler-57_Kepler_phase.png,1,0.9821325540542603
Kepler-57,C:\Users\tosun\PycharmProjects\NasaProject\scripts\raw_images\Kepler-57_Kepler_phase.png,1,0.9821325540542603
Kepler-5,C:\Users\tosun\PycharmProjects\NasaProject\scripts\raw_images\Kepler-57_Kepler_phase_binned.png,1,0.999998927116394
Kepler-57,C:\Users\tosun\PycharmProjects\NasaProject\scripts\raw_images\Kepler-57_Kepler_phase_binned.png,1,0.999998927116394
Kepler-5,C:\Users\tosun\PycharmProjects\NasaProject\scripts\raw_images\Kepler-59_Kepler_phase.png,1,0.9992777705192566
Kepler-59,C:\Users\tosun\PycharmProjects\NasaProject\scripts\raw_images\Kepler-59_Kepler_phase.png,1,0.9992777705192566
Kepler-5,C:\Users\tosun\PycharmProjects\NasaProject\scripts\raw_images\Kepler-59_Kepler_phase_binned.png,1,0.9999983310699463
Kepler-59,C:\Users\tosun\PycharmProjects\NasaProject\scripts\raw_images\Kepler-59_Kepler_phase_binned.png,1,0.9999983310699463
Kepler-5,C:\Users\tosun\PycharmProjects\NasaProject\scripts\raw_images\Kepler-5_Kepler_phase.png,1,0.7213951349258423
Kepler-5,C:\Users\tosun\PycharmProjects\NasaProject\scripts\raw_images\Kepler-5_Kepler_phase_binned.png,1,0.9998089671134949
Kepler-6,C:\Users\tosun\PycharmProjects\NasaProject\scripts\raw_images\Kepler-60_Kepler_phase.png,1,0.9997468590736389
Kepler-60,C:\Users\tosun\PycharmProjects\NasaProject\scripts\raw_images\Kepler-60_Kepler_phase.png,1,0.9997468590736389
Kepler-6,C:\Users\tosun\PycharmProjects\NasaProject\scripts\raw_images\Kepler-60_Kepler_phase_binned.png,1,0.9999972581863403
Kepler-60,C:\Users\tosun\PycharmProjects\NasaProject\scripts\raw_images\Kepler-60_Kepler_phase_binned.png,1,0.9999972581863403
Kepler-6,C:\Users\tosun\PycharmProjects\NasaProject\scripts\raw_images\Kepler-61_Kepler_phase.png,1,0.9974838495254517
Kepler-61,C:\Users\tosun\PycharmProjects\NasaProject\scripts\raw_images\Kepler-61_Kepler_phase.png,1,0.9974838495254517
Kepler-6,C:\Users\tosun\PycharmProjects\NasaProject\scripts\raw_images\Kepler-61_Kepler_phase_binned.png,1,0.9999287128448486
Kepler-61,C:\Users\tosun\PycharmProjects\NasaProject\scripts\raw_images\Kepler-61_Kepler_phase_binned.png,1,0.9999287128448486
Kepler-62,C:\Users\tosun\PycharmProjects\NasaProject\scripts\raw_images\Kepler-62_Kepler_phase.png,1,0.9999595880508423
Kepler-6,C:\Users\tosun\PycharmProjects\NasaProject\scripts\raw_images\Kepler-62_Kepler_phase.png,1,0.9999595880508423
Kepler-62,C:\Users\tosun\PycharmProjects\NasaProject\scripts\raw_images\Kepler-62_Kepler_phase_binned.png,1,0.9999949932098389
Kepler-6,C:\Users\tosun\PycharmProjects\NasaProject\scripts\raw_images\Kepler-62_Kepler_phase_binned.png,1,0.9999949932098389
Kepler-6,C:\Users\tosun\PycharmProjects\NasaProject\scripts\raw_images\Kepler-63_Kepler_phase.png,1,0.9989668130874634
Kepler-63,C:\Users\tosun\PycharmProjects\NasaProject\scripts\raw_images\Kepler-63_Kepler_phase.png,1,0.9989668130874634
Kepler-6,C:\Users\tosun\PycharmProjects\NasaProject\scripts\raw_images\Kepler-63_Kepler_phase_binned.png,1,0.9999969005584717
Kepler-63,C:\Users\tosun\PycharmProjects\NasaProject\scripts\raw_images\Kepler-63_Kepler_phase_binned.png,1,0.9999969005584717
Kepler-6,C:\Users\tosun\PycharmProjects\NasaProject\scripts\raw_images\Kepler-64_Kepler_phase.png,1,0.9999228715896606
Kepler-64,C:\Users\tosun\PycharmProjects\NasaProject\scripts\raw_images\Kepler-64_Kepler_phase.png,1,0.9999228715896606
Kepler-6,C:\Users\tosun\PycharmProjects\NasaProject\scripts\raw_images\Kepler-64_Kepler_phase_binned.png,1,0.9999994039535522
Kepler-64,C:\Users\tosun\PycharmProjects\NasaProject\scripts\raw_images\Kepler-64_Kepler_phase_binned.png,1,0.9999994039535522
Kepler-6,C:\Users\tosun\PycharmProjects\NasaProject\scripts\raw_images\Kepler-65_Kepler_phase.png,1,0.9999711513519287
Kepler-65,C:\Users\tosun\PycharmProjects\NasaProject\scripts\raw_images\Kepler-65_Kepler_phase.png,1,0.9999711513519287
Kepler-6,C:\Users\tosun\PycharmProjects\NasaProject\scripts\raw_images\Kepler-65_Kepler_phase_binned.png,1,0.9999985694885254
Kepler-65,C:\Users\tosun\PycharmProjects\NasaProject\scripts\raw_images\Kepler-65_Kepler_phase_binned.png,1,0.9999985694885254
Kepler-6,C:\Users\tosun\PycharmProjects\NasaProject\scripts\raw_images\Kepler-66_Kepler_phase.png,1,0.9999897480010986
Kepler-66,C:\Users\tosun\PycharmProjects\NasaProject\scripts\raw_images\Kepler-66_Kepler_phase.png,1,0.9999897480010986
Kepler-6,C:\Users\tosun\PycharmProjects\NasaProject\scripts\raw_images\Kepler-66_Kepler_phase_binned.png,1,0.9999998807907104
Kepler-66,C:\Users\tosun\PycharmProjects\NasaProject\scripts\raw_images\Kepler-66_Kepler_phase_binned.png,1,0.9999998807907104
Kepler-6,C:\Users\tosun\PycharmProjects\NasaProject\scripts\raw_images\Kepler-67_Kepler_phase.png,1,0.9999983310699463
Kepler-67,C:\Users\tosun\PycharmProjects\NasaProject\scripts\raw_images\Kepler-67_Kepler_phase.png,1,0.9999983310699463
Kepler-6,C:\Users\tosun\PycharmProjects\NasaProject\scripts\raw_images\Kepler-67_Kepler_phase_binned.png,1,1.0
Kepler-67,C:\Users\tosun\PycharmProjects\NasaProject\scripts\raw_images\Kepler-67_Kepler_phase_binned.png,1,1.0
Kepler-6,C:\Users\tosun\PycharmProjects\NasaProject\scripts\raw_images\Kepler-68_Kepler_phase.png,1,0.9943552017211914
Kepler-68,C:\Users\tosun\PycharmProjects\NasaProject\scripts\raw_images\Kepler-68_Kepler_phase.png,1,0.9943552017211914
Kepler-6,C:\Users\tosun\PycharmProjects\NasaProject\scripts\raw_images\Kepler-68_Kepler_phase_binned.png,1,0.9999892711639404
Kepler-68,C:\Users\tosun\PycharmProjects\NasaProject\scripts\raw_images\Kepler-68_Kepler_phase_binned.png,1,0.9999892711639404
Kepler-69,C:\Users\tosun\PycharmProjects\NasaProject\scripts\raw_images\Kepler-69_Kepler_phase.png,1,0.9999289512634277
Kepler-6,C:\Users\tosun\PycharmProjects\NasaProject\scripts\raw_images\Kepler-69_Kepler_phase.png,1,0.9999289512634277
Kepler-69,C:\Users\tosun\PycharmProjects\NasaProject\scripts\raw_images\Kepler-69_Kepler_phase_binned.png,1,0.9999334812164307
Kepler-6,C:\Users\tosun\PycharmProjects\NasaProject\scripts\raw_images\Kepler-69_Kepler_phase_binned.png,1,0.9999334812164307
Kepler-6,C:\Users\tosun\PycharmProjects\NasaProject\scripts\raw_images\Kepler-6_Kepler_phase.png,1,0.9961677193641663
Kepler-6,C:\Users\tosun\PycharmProjects\NasaProject\scripts\raw_images\Kepler-6_Kepler_phase_binned.png,1,0.9999977350234985
Kepler-7,C:\Users\tosun\PycharmProjects\NasaProject\scripts\raw_images\Kepler-70_Kepler_phase.png,1,0.9994458556175232
Kepler-70,C:\Users\tosun\PycharmProjects\NasaProject\scripts\raw_images\Kepler-70_Kepler_phase.png,1,0.9994458556175232
Kepler-7,C:\Users\tosun\PycharmProjects\NasaProject\scripts\raw_images\Kepler-70_Kepler_phase_binned.png,1,0.9999853372573853
Kepler-70,C:\Users\tosun\PycharmProjects\NasaProject\scripts\raw_images\Kepler-70_Kepler_phase_binned.png,1,0.9999853372573853
Kepler-7,C:\Users\tosun\PycharmProjects\NasaProject\scripts\raw_images\Kepler-71_Kepler_phase.png,1,0.9998979568481445
Kepler-71,C:\Users\tosun\PycharmProjects\NasaProject\scripts\raw_images\Kepler-71_Kepler_phase.png,1,0.9998979568481445
Kepler-7,C:\Users\tosun\PycharmProjects\NasaProject\scripts\raw_images\Kepler-71_Kepler_phase_binned.png,1,0.9999996423721313
Kepler-71,C:\Users\tosun\PycharmProjects\NasaProject\scripts\raw_images\Kepler-71_Kepler_phase_binned.png,1,0.9999996423721313
Kepler-7,C:\Users\tosun\PycharmProjects\NasaProject\scripts\raw_images\Kepler-74_Kepler_phase.png,1,0.9999723434448242
Kepler-74,C:\Users\tosun\PycharmProjects\NasaProject\scripts\raw_images\Kepler-74_Kepler_phase.png,1,0.9999723434448242
Kepler-7,C:\Users\tosun\PycharmProjects\NasaProject\scripts\raw_images\Kepler-74_Kepler_phase_binned.png,1,0.9999997615814209
Kepler-74,C:\Users\tosun\PycharmProjects\NasaProject\scripts\raw_images\Kepler-74_Kepler_phase_binned.png,1,0.9999997615814209
Kepler-7,C:\Users\tosun\PycharmProjects\NasaProject\scripts\raw_images\Kepler-75_Kepler_phase.png,1,0.9998966455459595
Kepler-75,C:\Users\tosun\PycharmProjects\NasaProject\scripts\raw_images\Kepler-75_Kepler_phase.png,1,0.9998966455459595
Kepler-7,C:\Users\tosun\PycharmProjects\NasaProject\scripts\raw_images\Kepler-75_Kepler_phase_binned.png,1,0.999995231628418
Kepler-75,C:\Users\tosun\PycharmProjects\NasaProject\scripts\raw_images\Kepler-75_Kepler_phase_binned.png,1,0.999995231628418
Kepler-7,C:\Users\tosun\PycharmProjects\NasaProject\scripts\raw_images\Kepler-76_Kepler_phase.png,1,0.9998483657836914
Kepler-76,C:\Users\tosun\PycharmProjects\NasaProject\scripts\raw_images\Kepler-76_Kepler_phase.png,1,0.9998483657836914
Kepler-7,C:\Users\tosun\PycharmProjects\NasaProject\scripts\raw_images\Kepler-76_Kepler_phase_binned.png,1,0.9999998807907104
Kepler-76,C:\Users\tosun\PycharmProjects\NasaProject\scripts\raw_images\Kepler-76_Kepler_phase_binned.png,1,0.9999998807907104
Kepler-7,C:\Users\tosun\PycharmProjects\NasaProject\scripts\raw_images\Kepler-77_Kepler_phase.png,1,0.9998072981834412
Kepler-77,C:\Users\tosun\PycharmProjects\NasaProject\scripts\raw_images\Kepler-77_Kepler_phase.png,1,0.9998072981834412
Kepler-7,C:\Users\tosun\PycharmProjects\NasaProject\scripts\raw_images\Kepler-77_Kepler_phase_binned.png,1,0.999998927116394
Kepler-77,C:\Users\tosun\PycharmProjects\NasaProject\scripts\raw_images\Kepler-77_Kepler_phase_binned.png,1,0.999998927116394
Kepler-78,C:\Users\tosun\PycharmProjects\NasaProject\scripts\raw_images\Kepler-78_Kepler_phase.png,1,0.9997026324272156
Kepler-7,C:\Users\tosun\PycharmProjects\NasaProject\scripts\raw_images\Kepler-78_Kepler_phase.png,1,0.9997026324272156
Kepler-78,C:\Users\tosun\PycharmProjects\NasaProject\scripts\raw_images\Kepler-78_Kepler_phase_binned.png,1,0.999996542930603
Kepler-7,C:\Users\tosun\PycharmProjects\NasaProject\scripts\raw_images\Kepler-78_Kepler_phase_binned.png,1,0.999996542930603
Kepler-7,C:\Users\tosun\PycharmProjects\NasaProject\scripts\raw_images\Kepler-79_Kepler_phase.png,1,0.9957146048545837
Kepler-79,C:\Users\tosun\PycharmProjects\NasaProject\scripts\raw_images\Kepler-79_Kepler_phase.png,1,0.9957146048545837
Kepler-7,C:\Users\tosun\PycharmProjects\NasaProject\scripts\raw_images\Kepler-79_Kepler_phase_binned.png,1,0.999976396560669
Kepler-79,C:\Users\tosun\PycharmProjects\NasaProject\scripts\raw_images\Kepler-79_Kepler_phase_binned.png,1,0.999976396560669
Kepler-7,C:\Users\tosun\PycharmProjects\NasaProject\scripts\raw_images\Kepler-7_Kepler_phase.png,1,0.9998167157173157
Kepler-7,C:\Users\tosun\PycharmProjects\NasaProject\scripts\raw_images\Kepler-7_Kepler_phase_binned.png,1,0.9998972415924072
Kepler-80,C:\Users\tosun\PycharmProjects\NasaProject\scripts\raw_images\Kepler-80_Kepler_phase.png,1,0.961164653301239
Kepler-8,C:\Users\tosun\PycharmProjects\NasaProject\scripts\raw_images\Kepler-80_Kepler_phase.png,1,0.961164653301239
Kepler-80,C:\Users\tosun\PycharmProjects\NasaProject\scripts\raw_images\Kepler-80_Kepler_phase_binned.png,1,0.9999960660934448
Kepler-8,C:\Users\tosun\PycharmProjects\NasaProject\scripts\raw_images\Kepler-80_Kepler_phase_binned.png,1,0.9999960660934448
Kepler-8,C:\Users\tosun\PycharmProjects\NasaProject\scripts\raw_images\Kepler-81_Kepler_phase.png,1,0.9999984502792358
Kepler-81,C:\Users\tosun\PycharmProjects\NasaProject\scripts\raw_images\Kepler-81_Kepler_phase.png,1,0.9999984502792358
Kepler-8,C:\Users\tosun\PycharmProjects\NasaProject\scripts\raw_images\Kepler-81_Kepler_phase_binned.png,1,0.9999996423721313
Kepler-81,C:\Users\tosun\PycharmProjects\NasaProject\scripts\raw_images\Kepler-81_Kepler_phase_binned.png,1,0.9999996423721313
Kepler-8,C:\Users\tosun\PycharmProjects\NasaProject\scripts\raw_images\Kepler-82_Kepler_phase.png,1,0.9999198913574219
Kepler-82,C:\Users\tosun\PycharmProjects\NasaProject\scripts\raw_images\Kepler-82_Kepler_phase.png,1,0.9999198913574219
Kepler-8,C:\Users\tosun\PycharmProjects\NasaProject\scripts\raw_images\Kepler-82_Kepler_phase_binned.png,1,0.9999983310699463
Kepler-82,C:\Users\tosun\PycharmProjects\NasaProject\scripts\raw_images\Kepler-82_Kepler_phase_binned.png,1,0.9999983310699463
Kepler-8,C:\Users\tosun\PycharmProjects\NasaProject\scripts\raw_images\Kepler-83_Kepler_phase.png,1,0.9139313101768494
Kepler-83,C:\Users\tosun\PycharmProjects\NasaProject\scripts\raw_images\Kepler-83_Kepler_phase.png,1,0.9139313101768494
Kepler-8,C:\Users\tosun\PycharmProjects\NasaProject\scripts\raw_images\Kepler-83_Kepler_phase_binned.png,1,0.9999957084655762
Kepler-83,C:\Users\tosun\PycharmProjects\NasaProject\scripts\raw_images\Kepler-83_Kepler_phase_binned.png,1,0.9999957084655762
Kepler-8,C:\Users\tosun\PycharmProjects\NasaProject\scripts\raw_images\Kepler-84_Kepler_phase.png,1,0.998515784740448
Kepler-84,C:\Users\tosun\PycharmProjects\NasaProject\scripts\raw_images\Kepler-84_Kepler_phase.png,1,0.998515784740448
Kepler-8,C:\Users\tosun\PycharmProjects\NasaProject\scripts\raw_images\Kepler-84_Kepler_phase_binned.png,1,0.9999927282333374
Kepler-84,C:\Users\tosun\PycharmProjects\NasaProject\scripts\raw_images\Kepler-84_Kepler_phase_binned.png,1,0.9999927282333374
Kepler-8,C:\Users\tosun\PycharmProjects\NasaProject\scripts\raw_images\Kepler-85_Kepler_phase.png,1,0.9990105628967285
Kepler-85,C:\Users\tosun\PycharmProjects\NasaProject\scripts\raw_images\Kepler-85_Kepler_phase.png,1,0.9990105628967285
Kepler-8,C:\Users\tosun\PycharmProjects\NasaProject\scripts\raw_images\Kepler-85_Kepler_phase_binned.png,1,0.9999539852142334
Kepler-85,C:\Users\tosun\PycharmProjects\NasaProject\scripts\raw_images\Kepler-85_Kepler_phase_binned.png,1,0.9999539852142334
Kepler-8,C:\Users\tosun\PycharmProjects\NasaProject\scripts\raw_images\Kepler-86_Kepler_phase.png,1,0.9998849630355835
Kepler-86,C:\Users\tosun\PycharmProjects\NasaProject\scripts\raw_images\Kepler-86_Kepler_phase.png,1,0.9998849630355835
Kepler-8,C:\Users\tosun\PycharmProjects\NasaProject\scripts\raw_images\Kepler-86_Kepler_phase_binned.png,1,0.9999343156814575
Kepler-86,C:\Users\tosun\PycharmProjects\NasaProject\scripts\raw_images\Kepler-86_Kepler_phase_binned.png,1,0.9999343156814575
Kepler-8,C:\Users\tosun\PycharmProjects\NasaProject\scripts\raw_images\Kepler-87_Kepler_phase.png,1,0.9988275170326233
Kepler-87,C:\Users\tosun\PycharmProjects\NasaProject\scripts\raw_images\Kepler-87_Kepler_phase.png,1,0.9988275170326233
Kepler-8,C:\Users\tosun\PycharmProjects\NasaProject\scripts\raw_images\Kepler-87_Kepler_phase_binned.png,1,0.999981164932251
Kepler-87,C:\Users\tosun\PycharmProjects\NasaProject\scripts\raw_images\Kepler-87_Kepler_phase_binned.png,1,0.999981164932251
Kepler-8,C:\Users\tosun\PycharmProjects\NasaProject\scripts\raw_images\Kepler-88_Kepler_phase.png,1,0.9999986886978149
Kepler-88,C:\Users\tosun\PycharmProjects\NasaProject\scripts\raw_images\Kepler-88_Kepler_phase.png,1,0.9999986886978149
Kepler-8,C:\Users\tosun\PycharmProjects\NasaProject\scripts\raw_images\Kepler-88_Kepler_phase_binned.png,1,0.9999988079071045
Kepler-88,C:\Users\tosun\PycharmProjects\NasaProject\scripts\raw_images\Kepler-88_Kepler_phase_binned.png,1,0.9999988079071045
Kepler-89,C:\Users\tosun\PycharmProjects\NasaProject\scripts\raw_images\Kepler-89_Kepler_phase.png,1,0.9999687671661377
Kepler-8,C:\Users\tosun\PycharmProjects\NasaProject\scripts\raw_images\Kepler-89_Kepler_phase.png,1,0.9999687671661377
Kepler-89,C:\Users\tosun\PycharmProjects\NasaProject\scripts\raw_images\Kepler-89_Kepler_phase_binned.png,1,0.999997615814209
Kepler-8,C:\Users\tosun\PycharmProjects\NasaProject\scripts\raw_images\Kepler-89_Kepler_phase_binned.png,1,0.999997615814209
Kepler-8,C:\Users\tosun\PycharmProjects\NasaProject\scripts\raw_images\Kepler-8_Kepler_phase.png,1,0.9998319149017334
Kepler-8,C:\Users\tosun\PycharmProjects\NasaProject\scripts\raw_images\Kepler-8_Kepler_phase_binned.png,1,0.9999946355819702
Kepler-90,C:\Users\tosun\PycharmProjects\NasaProject\scripts\raw_images\Kepler-90_Kepler_phase.png,1,0.9999438524246216
Kepler-9,C:\Users\tosun\PycharmProjects\NasaProject\scripts\raw_images\Kepler-90_Kepler_phase.png,1,0.9999438524246216
Kepler-90,C:\Users\tosun\PycharmProjects\NasaProject\scripts\raw_images\Kepler-90_Kepler_phase_binned.png,1,0.9999940395355225
Kepler-9,C:\Users\tosun\PycharmProjects\NasaProject\scripts\raw_images\Kepler-90_Kepler_phase_binned.png,1,0.9999940395355225
Kepler-91,C:\Users\tosun\PycharmProjects\NasaProject\scripts\raw_images\Kepler-91_Kepler_phase.png,1,0.9996485710144043
Kepler-9,C:\Users\tosun\PycharmProjects\NasaProject\scripts\raw_images\Kepler-91_Kepler_phase.png,1,0.9996485710144043
Kepler-91,C:\Users\tosun\PycharmProjects\NasaProject\scripts\raw_images\Kepler-91_Kepler_phase_binned.png,1,0.9999831914901733
Kepler-9,C:\Users\tosun\PycharmProjects\NasaProject\scripts\raw_images\Kepler-91_Kepler_phase_binned.png,1,0.9999831914901733
Kepler-9,C:\Users\tosun\PycharmProjects\NasaProject\scripts\raw_images\Kepler-92_Kepler_phase.png,1,0.999984860420227
Kepler-92,C:\Users\tosun\PycharmProjects\NasaProject\scripts\raw_images\Kepler-92_Kepler_phase.png,1,0.999984860420227
Kepler-9,C:\Users\tosun\PycharmProjects\NasaProject\scripts\raw_images\Kepler-92_Kepler_phase_binned.png,1,0.9999878406524658
Kepler-92,C:\Users\tosun\PycharmProjects\NasaProject\scripts\raw_images\Kepler-92_Kepler_phase_binned.png,1,0.9999878406524658
Kepler-9,C:\Users\tosun\PycharmProjects\NasaProject\scripts\raw_images\Kepler-93_Kepler_phase.png,1,0.9999849796295166
Kepler-93,C:\Users\tosun\PycharmProjects\NasaProject\scripts\raw_images\Kepler-93_Kepler_phase.png,1,0.9999849796295166
Kepler-9,C:\Users\tosun\PycharmProjects\NasaProject\scripts\raw_images\Kepler-93_Kepler_phase_binned.png,1,0.9999997615814209
Kepler-93,C:\Users\tosun\PycharmProjects\NasaProject\scripts\raw_images\Kepler-93_Kepler_phase_binned.png,1,0.9999997615814209
Kepler-9,C:\Users\tosun\PycharmProjects\NasaProject\scripts\raw_images\Kepler-94_Kepler_phase.png,1,0.9997419714927673
Kepler-94,C:\Users\tosun\PycharmProjects\NasaProject\scripts\raw_images\Kepler-94_Kepler_phase.png,1,0.9997419714927673
Kepler-9,C:\Users\tosun\PycharmProjects\NasaProject\scripts\raw_images\Kepler-94_Kepler_phase_binned.png,1,0.9999992847442627
Kepler-94,C:\Users\tosun\PycharmProjects\NasaProject\scripts\raw_images\Kepler-94_Kepler_phase_binned.png,1,0.9999992847442627
Kepler-9,C:\Users\tosun\PycharmProjects\NasaProject\scripts\raw_images\Kepler-95_Kepler_phase.png,1,0.9998286962509155
Kepler-95,C:\Users\tosun\PycharmProjects\NasaProject\scripts\raw_images\Kepler-95_Kepler_phase.png,1,0.9998286962509155
Kepler-9,C:\Users\tosun\PycharmProjects\NasaProject\scripts\raw_images\Kepler-95_Kepler_phase_binned.png,1,0.9999769926071167
Kepler-95,C:\Users\tosun\PycharmProjects\NasaProject\scripts\raw_images\Kepler-95_Kepler_phase_binned.png,1,0.9999769926071167
Kepler-9,C:\Users\tosun\PycharmProjects\NasaProject\scripts\raw_images\Kepler-96_Kepler_phase.png,1,0.9998719692230225
Kepler-96,C:\Users\tosun\PycharmProjects\NasaProject\scripts\raw_images\Kepler-96_Kepler_phase.png,1,0.9998719692230225
Kepler-9,C:\Users\tosun\PycharmProjects\NasaProject\scripts\raw_images\Kepler-96_Kepler_phase_binned.png,1,0.9999336004257202
Kepler-96,C:\Users\tosun\PycharmProjects\NasaProject\scripts\raw_images\Kepler-96_Kepler_phase_binned.png,1,0.9999336004257202
Kepler-9,C:\Users\tosun\PycharmProjects\NasaProject\scripts\raw_images\Kepler-97_Kepler_phase.png,1,0.9583807587623596
Kepler-97,C:\Users\tosun\PycharmProjects\NasaProject\scripts\raw_images\Kepler-97_Kepler_phase.png,1,0.9583807587623596
Kepler-9,C:\Users\tosun\PycharmProjects\NasaProject\scripts\raw_images\Kepler-97_Kepler_phase_binned.png,1,0.9999971389770508
Kepler-97,C:\Users\tosun\PycharmProjects\NasaProject\scripts\raw_images\Kepler-97_Kepler_phase_binned.png,1,0.9999971389770508
Kepler-9,C:\Users\tosun\PycharmProjects\NasaProject\scripts\raw_images\Kepler-98_Kepler_phase.png,1,0.997337281703949
Kepler-98,C:\Users\tosun\PycharmProjects\NasaProject\scripts\raw_images\Kepler-98_Kepler_phase.png,1,0.997337281703949
Kepler-9,C:\Users\tosun\PycharmProjects\NasaProject\scripts\raw_images\Kepler-98_Kepler_phase_binned.png,1,0.9999905824661255
Kepler-98,C:\Users\tosun\PycharmProjects\NasaProject\scripts\raw_images\Kepler-98_Kepler_phase_binned.png,1,0.9999905824661255
Kepler-9,C:\Users\tosun\PycharmProjects\NasaProject\scripts\raw_images\Kepler-99_Kepler_phase.png,1,0.9999982118606567
Kepler-99,C:\Users\tosun\PycharmProjects\NasaProject\scripts\raw_images\Kepler-99_Kepler_phase.png,1,0.9999982118606567
Kepler-9,C:\Users\tosun\PycharmProjects\NasaProject\scripts\raw_images\Kepler-99_Kepler_phase_binned.png,1,0.9999992847442627
Kepler-99,C:\Users\tosun\PycharmProjects\NasaProject\scripts\raw_images\Kepler-99_Kepler_phase_binned.png,1,0.9999992847442627
Kepler-9,C:\Users\tosun\PycharmProjects\NasaProject\scripts\raw_images\Kepler-9_Kepler_phase.png,1,0.9998373985290527
Kepler-9,C:\Users\tosun\PycharmProjects\NasaProject\scripts\raw_images\Kepler-9_Kepler_phase_binned.png,1,0.9999914169311523
TRAPPIST-1,C:\Users\tosun\PycharmProjects\NasaProject\scripts\raw_images\TRAPPIST-1_TESS_phase.png,1,0.9990298748016357
TRAPPIST-1,C:\Users\tosun\PycharmProjects\NasaProject\scripts\raw_images\TRAPPIST-1_TESS_phase_binned.png,1,0.9999998807907104
WASP-12,C:\Users\tosun\PycharmProjects\NasaProject\scripts\raw_images\WASP-121_TESS_phase.png,1,1.0
WASP-121,C:\Users\tosun\PycharmProjects\NasaProject\scripts\raw_images\WASP-121_TESS_phase.png,1,1.0
WASP-12,C:\Users\tosun\PycharmProjects\NasaProject\scripts\raw_images\WASP-121_TESS_phase_binned.png,1,1.0
WASP-121,C:\Users\tosun\PycharmProjects\NasaProject\scripts\raw_images\WASP-121_TESS_phase_binned.png,1,1.0
WASP-12,C:\Users\tosun\PycharmProjects\NasaProject\scripts\raw_images\WASP-12_TESS_phase.png,1,0.9997578263282776
WASP-12,C:\Users\tosun\PycharmProjects\NasaProject\scripts\raw_images\WASP-12_TESS_phase_binned.png,1,0.9999992847442627
WASP-18,C:\Users\tosun\PycharmProjects\NasaProject\scripts\raw_images\WASP-18_TESS_phase.png,1,0.9999998807907104
WASP-18,C:\Users\tosun\PycharmProjects\NasaProject\scripts\raw_images\WASP-18_TESS_phase_binned.png,1,1.0
WASP-43,C:\Users\tosun\PycharmProjects\NasaProject\scripts\raw_images\WASP-43_TESS_phase.png,1,0.9663068056106567
WASP-43,C:\Users\tosun\PycharmProjects\NasaProject\scripts\raw_images\WASP-43_TESS_phase_binned.png,1,0.9999916553497314
WASP-77,C:\Users\tosun\PycharmProjects\NasaProject\scripts\raw_images\WASP-77_TESS_phase.png,1,0.9999996423721313
WASP-77,C:\Users\tosun\PycharmProjects\NasaProject\scripts\raw_images\WASP-77_TESS_phase_binned.png,1,0.9999998807907104
Kepler-440,C:\Users\tosun\PycharmProjects\NasaProject\graphs\images\000000440.png,0,1.0689686860132497e-05
Kepler-441,C:\Users\tosun\PycharmProjects\NasaProject\graphs\images\000000441.png,0,1.196318135043839e-05
KIC 8462852,C:\Users\tosun\PycharmProjects\NasaProject\graphs\images\008462852.png,0,1.0172833952992733e-07
TIC 12345,C:\Users\tosun\PycharmProjects\NasaProject\graphs\images\000012345.png,0,0.0007389114471152425
